-- Adminer 4.1.0 MySQL dump

SET NAMES utf8;
SET time_zone = '+00:00';
SET foreign_key_checks = 0;
SET sql_mode = 'NO_AUTO_VALUE_ON_ZERO';

DROP TABLE IF EXISTS `account`;
CREATE TABLE `account` (
  `id` int(11) NOT NULL AUTO_INCREMENT,
  `bank_id` int(11) NOT NULL,
  `account_number` varchar(30) NOT NULL,
  `balance` double NOT NULL DEFAULT '0',
  `date_created` timestamp NOT NULL DEFAULT CURRENT_TIMESTAMP,
  PRIMARY KEY (`id`),
  KEY `bank_id` (`bank_id`),
  CONSTRAINT `account_ibfk_1` FOREIGN KEY (`bank_id`) REFERENCES `bank` (`id`)
) ENGINE=InnoDB DEFAULT CHARSET=cp1250;

INSERT INTO `account` (`id`, `bank_id`, `account_number`, `balance`, `date_created`) VALUES
(1,	1,	'SK2402000000001234567890',	440.4200000000001,	'2016-11-28 10:29:07'),
(2,	1,	'SK2402000000001234567891',	9574.480000000001,	'2016-11-28 10:29:22'),
(3,	2,	'SK2409000000001234567892',	6216.18,	'2016-11-29 14:24:30'),
(5,	1,	'SK2402000000001234567893',	2000,	'2016-12-19 14:23:51'),
(6,	1,	'SK2402000000001234567894',	1859.22,	'2016-12-19 14:24:01'),
(7,	1,	'SK2402000000001234567895',	2000,	'2017-01-08 15:15:25'),
(8,	1,	'SK2402000000001234567896',	2000,	'2017-01-08 15:15:38'),
(9,	1,	'SK2402000000001234567897',	1948,	'2017-01-08 15:16:44'),
(10,	1,	'SK2402000000001234567898',	2000,	'2017-01-08 15:16:53'),
(11,	1,	'SK2402000000001234567899',	2000,	'2017-01-17 16:15:56'),
(12,	1,	'SK2402000000001234567850',	2000,	'2017-03-04 19:57:35');

DROP TABLE IF EXISTS `account_transaction`;
CREATE TABLE `account_transaction` (
  `id` int(11) NOT NULL AUTO_INCREMENT,
  `to_id` int(11) NOT NULL,
  `transaction_id` int(11) NOT NULL,
  `amount` double NOT NULL,
  `message` text,
  PRIMARY KEY (`id`),
  KEY `account_id` (`to_id`),
  KEY `transaction_id` (`transaction_id`),
  CONSTRAINT `account_transaction_ibfk_1` FOREIGN KEY (`to_id`) REFERENCES `account` (`id`),
  CONSTRAINT `account_transaction_ibfk_2` FOREIGN KEY (`transaction_id`) REFERENCES `transaction` (`id`)
) ENGINE=InnoDB DEFAULT CHARSET=cp1250;

INSERT INTO `account_transaction` (`id`, `to_id`, `transaction_id`, `amount`, `message`) VALUES
(6,	2,	6,	120,	'Glasses Rayben - 120EUR'),
(7,	2,	7,	120,	'Glasses Rayben - 120EUR'),
(8,	3,	8,	20,	'Glasses Rayben - 120EUR'),
(9,	3,	8,	20,	'Glasses Rayben - 120EUR'),
(10,	2,	9,	120,	'Glasses Rayben - 120EUR'),
(11,	3,	9,	20,	'Glasses Rayben - 120EUR'),
(12,	2,	10,	120,	'Glasses Rayben - 120EUR'),
(13,	3,	10,	20,	'Glasses Rayben - 120EUR'),
(14,	2,	11,	120,	'Glasses Rayben - 120EUR'),
(15,	3,	11,	20,	'Glasses Rayben - 120EUR'),
(16,	2,	12,	120,	'Glasses Rayben - 120EUR'),
(17,	3,	12,	20,	'Glasses Rayben - 120EUR'),
(18,	2,	13,	120,	'Glasses Rayben - 120EUR'),
(19,	3,	13,	20,	'Glasses Rayben - 120EUR'),
(20,	2,	14,	120,	'Glasses Rayben - 120EUR'),
(21,	3,	14,	20,	'Glasses Rayben - 120EUR'),
(22,	2,	15,	120,	'Glasses Rayben - 120EUR'),
(23,	3,	15,	20,	'Glasses Rayben - 120EUR'),
(24,	2,	16,	120,	'Glasses Rayben - 120EUR'),
(25,	3,	16,	20,	'Glasses Rayben - 120EUR'),
(26,	2,	17,	120,	'Glasses Rayben - 120EUR'),
(27,	3,	17,	20,	'Glasses Rayben - 120EUR'),
(28,	2,	18,	120,	'Glasses Rayben - 120EUR'),
(29,	3,	18,	20,	'Glasses Rayben - 120EUR'),
(30,	2,	19,	120,	'Glasses Rayben - 120EUR'),
(31,	3,	19,	20,	'Glasses Rayben - 120EUR'),
(32,	2,	20,	120,	'Glasses Rayben - 120EUR'),
(33,	3,	20,	20,	'Glasses Rayben - 120EUR'),
(34,	2,	21,	120,	'Glasses Rayben - 120EUR'),
(35,	3,	21,	20,	'Glasses Rayben - 120EUR'),
(36,	2,	22,	120,	'Glasses Rayben - 120EUR'),
(37,	3,	22,	20,	'Glasses Rayben - 120EUR'),
(38,	2,	23,	120,	'Glasses Rayben - 120EUR'),
(40,	2,	24,	120,	'Glasses Rayben - 120EUR'),
(41,	3,	24,	20,	'Glasses Rayben - 120EUR'),
(42,	2,	25,	120,	'Glasses Rayben - 120EUR'),
(44,	2,	26,	120,	'Glasses Rayben - 120EUR'),
(45,	3,	26,	20,	'Glasses Rayben - 120EUR'),
(46,	2,	27,	120,	'Glasses Rayben - 120EUR'),
(47,	3,	27,	20,	'Glasses Rayben - 120EUR'),
(48,	2,	28,	120,	'Glasses Rayben - 120EUR'),
(49,	3,	28,	20,	'Glasses Rayben - 120EUR'),
(50,	2,	29,	120,	'Glasses Rayben - 120EUR'),
(51,	3,	29,	20,	'Glasses Rayben - 120EUR'),
(52,	2,	30,	120,	'Glasses Rayben - 120EUR'),
(53,	3,	30,	20,	'Glasses Rayben - 120EUR'),
(54,	2,	31,	120,	'Glasses Rayben - 120EUR'),
(55,	3,	31,	20,	'Glasses Rayben - 120EUR'),
(56,	2,	32,	120,	'Glasses Rayben - 120EUR'),
(57,	3,	32,	20,	'Glasses Rayben - 120EUR'),
(58,	2,	33,	120,	'Glasses Rayben - 120EUR'),
(59,	3,	33,	20,	'Glasses Rayben - 120EUR'),
(60,	2,	34,	120,	'Glasses Rayben - 120EUR'),
(61,	3,	34,	20,	'Glasses Rayben - 120EUR'),
(62,	2,	35,	120,	'Glasses Rayben - 120EUR'),
(63,	3,	35,	20,	'Glasses Rayben - 120EUR'),
(64,	2,	36,	120,	'Glasses Rayben - 120EUR'),
(65,	3,	36,	20,	'Glasses Rayben - 120EUR'),
(66,	2,	37,	120,	'Glasses Rayben - 120EUR'),
(67,	3,	37,	20,	'Glasses Rayben - 120EUR'),
(68,	2,	38,	120,	'Glasses Rayben - 120EUR'),
(69,	3,	38,	20,	'Glasses Rayben - 120EUR'),
(70,	2,	39,	120,	'Glasses Rayben - 120EUR'),
(71,	3,	39,	20,	'Glasses Rayben - 120EUR'),
(72,	2,	40,	120,	'Glasses Rayben - 120EUR'),
(73,	3,	40,	20,	'Glasses Rayben - 120EUR'),
(74,	2,	41,	120,	'Glasses Rayben - 120EUR'),
(75,	3,	41,	20,	'Glasses Rayben - 120EUR'),
(76,	2,	42,	12,	'Tu pribudnu produkty + cena'),
(77,	2,	43,	1,	'Tu pribudnu produkty + cena'),
(78,	2,	44,	120,	'Glasses Rayben - 120EUR'),
(79,	3,	44,	20,	'Glasses Rayben - 120EUR'),
(80,	2,	45,	120,	'Glasses Rayben - 120EUR'),
(81,	3,	45,	20,	'Glasses Rayben - 120EUR'),
(82,	2,	46,	3.2,	'Tu pribudnu produkty + cena'),
(83,	2,	47,	0.8,	'Tu pribudnu produkty + cena'),
(84,	2,	48,	2.6,	'Tu pribudnu produkty + cena'),
(85,	2,	49,	0.8,	'Tu pribudnu produkty + cena'),
(86,	2,	50,	1.09,	'Tu pribudnu produkty + cena'),
(87,	2,	51,	1,	'Tu pribudnu produkty + cena'),
(88,	2,	52,	0.8,	'Tu pribudnu produkty + cena'),
(89,	2,	53,	1.7,	'Tu pribudnu produkty + cena');

DROP TABLE IF EXISTS `bank`;
CREATE TABLE `bank` (
  `id` int(11) NOT NULL AUTO_INCREMENT,
  `bic` varchar(10) NOT NULL,
  `short_name` varchar(10) NOT NULL,
  `name` varchar(30) NOT NULL,
  PRIMARY KEY (`id`)
) ENGINE=InnoDB DEFAULT CHARSET=cp1250;

INSERT INTO `bank` (`id`, `bic`, `short_name`, `name`) VALUES
(1,	'0200',	'VÚB',	'Všeobecná úverová banka'),
(2,	'0900',	'SLSP',	'Slovenská sporiteľňa');

DROP TABLE IF EXISTS `transaction`;
CREATE TABLE `transaction` (
  `id` int(11) NOT NULL AUTO_INCREMENT,
  `from_id` int(11) NOT NULL,
  `payment_id` varchar(50) NOT NULL,
  `amount` double NOT NULL DEFAULT '0',
  `date_created` timestamp NOT NULL DEFAULT CURRENT_TIMESTAMP,
  `date_realized` datetime DEFAULT NULL,
  `status` varchar(30) NOT NULL DEFAULT 'rejected',
  `message` text,
  PRIMARY KEY (`id`),
  KEY `from_id` (`from_id`),
  CONSTRAINT `transaction_ibfk_1` FOREIGN KEY (`from_id`) REFERENCES `account` (`id`)
) ENGINE=InnoDB DEFAULT CHARSET=cp1250;

INSERT INTO `transaction` (`id`, `from_id`, `payment_id`, `amount`, `date_created`, `date_realized`, `status`, `message`) VALUES
(6,	1,	'13554876-7d69-44ab-a8fc-34d954bf082f',	120,	'2017-03-04 19:33:00',	'2017-03-04 20:33:00',	'received',	'Glasses Rayben - 120EUR'),
(7,	1,	'0a1daa7c-2f79-4abc-b939-2852b99cd824',	120,	'2017-03-04 19:49:30',	'2017-03-04 20:49:30',	'received',	'Glasses Rayben - 120EUR'),
(8,	1,	'41f33d29-5e60-45a1-9465-bd1d23e57566',	40,	'2017-03-04 19:51:43',	'2017-03-04 20:51:43',	'received',	'Glasses Rayben - 120EUR'),
(9,	1,	'2f7343df-bc99-4caa-a2db-7eaa6b4859ed',	140,	'2017-03-04 19:53:20',	'2017-03-04 20:53:20',	'received',	'Glasses Rayben - 120EUR'),
(10,	1,	'18c6adc5-9445-4a4d-abdc-b436021f33a1',	140,	'2017-03-04 20:02:40',	'2017-03-04 21:02:41',	'received',	'Glasses Rayben - 120EUR'),
(11,	1,	'b00ed830-87c6-4f23-80a3-5488059f5bbd',	140,	'2017-03-04 20:03:00',	'2017-03-04 21:03:01',	'received',	'Glasses Rayben - 120EUR'),
(12,	1,	'8085de66-2884-4819-b8aa-8e4b9eb18ae9',	140,	'2017-03-06 15:47:28',	'2017-03-06 16:47:28',	'received',	'Glasses Rayben - 120EUR'),
(13,	1,	'1596cc9a-ba36-4769-bc81-11c2611a006c',	140,	'2017-03-06 15:56:48',	'2017-03-06 16:56:48',	'received',	'Glasses Rayben - 120EUR'),
(14,	1,	'2157cf4e-ae2a-416f-b498-79bd2bdb17e9',	140,	'2017-03-06 15:57:14',	'2017-03-06 16:57:15',	'received',	'Glasses Rayben - 120EUR'),
(15,	1,	'a932d9bf-be3e-4848-be83-e2895a4ed6cd',	140,	'2017-03-06 15:59:06',	'2017-03-06 16:59:06',	'received',	'Glasses Rayben - 120EUR'),
(16,	1,	'c4e44e82-20ef-42ae-8cd9-481a131b8613',	140,	'2017-03-06 16:00:07',	'2017-03-06 17:00:08',	'received',	'Glasses Rayben - 120EUR'),
(17,	1,	'f9918ed9-3e21-4d9e-b8b7-1fc0b34362e2',	140,	'2017-03-06 16:01:50',	'2017-03-06 17:01:50',	'received',	'Glasses Rayben - 120EUR'),
(18,	1,	'19678b0a-b27e-42ae-b74c-baccf140fca7',	140,	'2017-03-06 16:02:03',	'2017-03-06 17:02:03',	'received',	'Glasses Rayben - 120EUR'),
(19,	1,	'2a8827df-05c2-4487-a6f8-e64772c96226',	140,	'2017-03-06 16:02:16',	'2017-03-06 17:02:16',	'received',	'Glasses Rayben - 120EUR'),
(20,	1,	'34c8fb64-37d8-4766-ac75-7b13689ca15a',	140,	'2017-03-06 16:08:35',	'2017-03-06 17:08:35',	'received',	'Glasses Rayben - 120EUR'),
(21,	1,	'5e27ce3a-594c-4af7-ae15-68a1ba025420',	140,	'2017-03-06 16:10:55',	'2017-03-06 17:10:55',	'received',	'Glasses Rayben - 120EUR'),
(22,	1,	'b7182ac1-7956-45bc-b84d-4aed090bcb03',	140,	'2017-03-06 16:36:57',	'2017-03-06 17:36:58',	'received',	'Glasses Rayben - 120EUR'),
(23,	1,	'10058342-5e3b-43fa-ab76-9f4f6cfd15aa',	140,	'2017-03-06 16:37:54',	'2017-03-06 17:37:54',	'received',	'Glasses Rayben - 120EUR'),
(24,	1,	'3b98c8fc-3679-4fdd-8b7a-95c6dd2dcb6e',	140,	'2017-03-06 16:38:28',	'2017-03-06 17:38:28',	'received',	'Glasses Rayben - 120EUR'),
(25,	1,	'5ea91049-dc88-47c2-9acb-eabd634f53b6',	140,	'2017-03-06 16:43:21',	'2017-03-06 17:43:21',	'received',	'Glasses Rayben - 120EUR'),
(26,	1,	'32831bbe-a915-4f1a-b8a9-2de7d2c4ff51',	140,	'2017-03-06 16:46:36',	'2017-03-06 17:46:36',	'received',	'Glasses Rayben - 120EUR'),
(27,	1,	'e7892884-0bdf-4077-a50c-45b9c983bd30',	140,	'2017-03-07 13:07:40',	'2017-03-07 14:07:40',	'received',	'Glasses Rayben - 120EUR'),
(28,	1,	'965a3269-3863-47de-9845-a369d60e15ff',	140,	'2017-03-10 08:26:21',	'2017-03-10 09:26:22',	'received',	'Glasses Rayben - 120EUR'),
(29,	1,	'0fa3c739-9864-44cb-a36c-2d49b8ba419d',	140,	'2017-03-10 09:11:36',	'2017-03-10 10:11:36',	'received',	'Glasses Rayben - 120EUR'),
(30,	1,	'0931f21c-82c3-4737-b210-a80333eb92d7',	140,	'2017-03-10 09:12:40',	'2017-03-10 10:12:40',	'received',	'Glasses Rayben - 120EUR'),
(31,	1,	'146cb8a8-14c0-4dc5-8f48-4c1dc785bd5e',	140,	'2017-03-10 09:15:13',	'2017-03-10 10:15:13',	'received',	'Glasses Rayben - 120EUR'),
(32,	1,	'fd2dd78f-a388-4bce-9d14-ac5ae215bdc5',	140,	'2017-03-10 09:15:45',	'2017-03-10 10:15:45',	'received',	'Glasses Rayben - 120EUR'),
(33,	1,	'4bca89a0-3ff6-4138-885f-fbf766380d60',	140,	'2017-03-10 09:24:29',	'2017-03-10 10:24:29',	'received',	'Glasses Rayben - 120EUR'),
(34,	1,	'05bbb381-6c24-4e90-ab51-c233174747f1',	140,	'2017-03-10 09:25:08',	'2017-03-10 10:25:09',	'received',	'Glasses Rayben - 120EUR'),
(35,	1,	'f3da10b4-5fca-4850-a5ca-165590ab7f34',	140,	'2017-03-10 09:26:08',	'2017-03-10 10:26:08',	'received',	'Glasses Rayben - 120EUR'),
(36,	1,	'ed2a5f6f-95c5-4ae7-bfb6-34a269dc9eeb',	140,	'2017-03-12 09:35:52',	'2017-03-12 10:35:52',	'received',	'Glasses Rayben - 120EUR'),
(37,	1,	'f4066d46-ac52-47a2-b2f2-d824d83a5a98',	140,	'2017-03-12 10:03:26',	'2017-03-12 11:03:26',	'received',	'Glasses Rayben - 120EUR'),
(38,	1,	'0fa0a9bf-6d37-4d97-90b0-12e20d51840d',	140,	'2017-03-12 12:12:21',	'2017-03-12 13:12:21',	'received',	'Glasses Rayben - 120EUR'),
(39,	1,	'253d3ca4-5291-4107-b0dc-57e2afff2885',	140,	'2017-03-12 15:29:15',	'2017-03-12 16:29:16',	'received',	'Glasses Rayben - 120EUR'),
(40,	1,	'50222506-fd37-439a-8103-7501e75700e7',	140,	'2017-03-12 15:42:07',	'2017-03-12 16:42:07',	'received',	'Glasses Rayben - 120EUR'),
(41,	1,	'f2d7b26d-a705-48bf-bc86-76739e95c911',	140,	'2017-03-14 16:08:27',	'2017-03-14 17:08:27',	'received',	'Glasses Rayben - 120EUR'),
(42,	1,	'1',	12,	'2017-03-14 16:30:17',	'2017-03-21 16:55:28',	'expired',	'Tu pribudnu produkty + cena'),
(43,	1,	'2',	1,	'2017-03-14 16:36:38',	'2017-03-21 17:24:11',	'expired',	'Tu pribudnu produkty + cena'),
(44,	1,	'0fe12217-6378-49cd-94f0-61f8e4cfb712',	140,	'2017-03-18 13:52:53',	'2017-03-18 14:52:53',	'received',	'Glasses Rayben - 120EUR'),
(45,	1,	'c3eaa263-ee51-45db-9764-a1f3606c801f',	140,	'2017-03-18 13:58:42',	'2017-03-20 12:15:05',	'received',	'Glasses Rayben - 120EUR'),
(46,	1,	'3',	3.2,	'2017-03-21 16:34:33',	NULL,	'pending',	'Tu pribudnu produkty + cena'),
(47,	1,	'4',	0.8,	'2017-03-21 16:36:30',	NULL,	'pending',	'Tu pribudnu produkty + cena'),
(48,	1,	'5',	2.6,	'2017-03-21 16:38:14',	NULL,	'pending',	'Tu pribudnu produkty + cena'),
(49,	1,	'6',	0.8,	'2017-03-21 16:39:00',	NULL,	'pending',	'Tu pribudnu produkty + cena'),
(50,	1,	'7',	1.09,	'2017-03-21 16:40:31',	NULL,	'pending',	'Tu pribudnu produkty + cena'),
(51,	1,	'8',	1,	'2017-03-21 16:42:28',	NULL,	'pending',	'Tu pribudnu produkty + cena'),
(52,	1,	'9',	0.8,	'2017-03-21 16:45:14',	NULL,	'pending',	'Tu pribudnu produkty + cena'),
(53,	1,	'10',	1.7,	'2017-03-21 16:47:25',	'2017-03-27 09:44:08',	'received',	'Tu pribudnu produkty + cena');

-- 2017-03-28 06:24:24
